post,topic
"The team won the championship after an intense final game.",sports
"The movie earned several prestigious awards at the film festival.",entertainment
"The startup secured millions in funding from venture capital investors.",business
"The researcher made a groundbreaking discovery in the lab.",science    
"The chef opened a new restaurant downtown that became very popular.",business
"The software engineer created an innovative app that attracted lots of users.",technology
"The author published a bestselling novel that received great reviews.",entertainment
"The singer had a top hit on the pop charts this summer.",music
"The actor starred in a box office smash that fans loved.",entertainment
"The company launched a successful ad campaign that increased sales.",business
"The teacher won teacher of the year from the school district.",education
"The dancer performed a beautiful routine that earned a perfect score.",arts
"The photographer captured an iconic image exhibited in galleries.",arts
"The architect designed a unique building that became a city landmark.",arts
"The scientist won a Nobel prize for the research conducted in the lab.",science
"The painter created a masterpiece that was added to a museum collection.",arts
"The activist led a movement for change that gained national attention.",politics
"The musician composed a chart-topping symphony performed by orchestras.",music
"The preacher delivered an inspiring sermon that resonated with the congregation.",religion
"The governor signed a bill into law after heated public debate.",politics   
"The general led the army to victory in the decisive battle.",military
"The inventor created a useful gadget that became incredibly popular.",technology
"The scholar wrote an influential book that shaped academic discourse.",education
"The officer received a prestigious award for excellent service.",military
"The comedian headlined a show that had audiences laughing hysterically.",entertainment
"The lawyer won a difficult court case through brilliant legal strategy.",law
"The doctor pioneered a groundbreaking surgical technique in the OR.",science  
"The pilot safely landed the damaged plane, saving all the passengers.",transportation
"The firefighter heroically rescued a family from a burning building.",public safety
"The journalist broke a major scandal that led to resignations.",media
"The executive closed the deal that dramatically grew the company.",business
"The designer created a beautiful dress that wowed fashion critics.",fashion
"The builder constructed an architectural marvel that redefined the skyline.",construction
"The programmer coded a popular app downloaded by millions.",technology
"The artist painted a mural that inspired and uplifted the community.",arts
"The teacher motivated struggling students to reach their potential.",education
"The coach led the team to victory and a league championship.",sports
"The researcher made a medical breakthrough that will save lives.",science
"The writer penned an all-time classic novel beloved for generations.",literature
"The speaker gave an inspiring speech that energized the crowd.",public speaking   
"The activist staged an important protest that sparked social change.",activism
"The chef prepared exquisite dishes that received rave reviews.",culinary arts  
"The photographer captured stunning images published in magazines.",photography
"The engineer solved a difficult problem plauging the industry.",engineering
"The scientist discovered a new planet orbiting a distant star.",science
"The adventurer embarked on an epic journey across continents.",adventure
"The musician composed a soaring symphony praised by critics.",music
"The director produced a thought-provoking film that won awards.",filmmaking
"The designer created an iconic skyscraper that redefined the city skyline.",architecture
"The philanthropist donated millions to fund medical research.",philanthropy
"The marathon runner broke the world record in a legendary race.",sports
"The astronaut walked in space on a dangerous but critical mission.",space
"The writer penned an acclaimed novel exploring complex themes.",literature
"The painter created an enigmatic masterpiece intriguing art fans.",visual arts  
"The economist proposed a bold new fiscal policy after careful study.",economics
"The legislator championed a bill improving healthcare for millions.",politics
"The inventor filed a patent for a revolutionary new device.",invention
"The actress gave an Oscar-worthy performance in the movie.",acting
"The diplomat negotiated a historic peace treaty ending years of conflict.",diplomacy
"The programmer built an innovative social app with tens of millions of users.",technology
"The scientist pioneered a vaccine that helped eradicate a deadly disease.",science   
"The preacher inspired the congregation with an uplifting Sunday sermon.",religion
"The mayor launched an ambitious infrastructure project to revitalize the city.",politics
"The general led the decisive military campaign ending the war.",military
"The chef created a delicious new dish that diners loved.",culinary arts
"The surgeon performed a complex operation that saved the patient's life.",medicine
"The professor published groundbreaking research that reshaped the field.",academia  
"The CEO made a bold acquisition move that boosted company growth.",business
"The contractor completed building the house flawlessly in record time.",construction  
"The hacker breached the secure system in an ominous cyber attack.",technology
"The violinist mesmerized the audience with a breathtaking solo performance.",music
"The astronomer discovered an exciting new exoplanet orbiting a distant star.",science
"The judge handed down a fair verdict after hearing all testimony in the trial.",law
"The firefighter bravely rescued a family from the burning apartment building.",public safety
"The journalist reported on corruption that catalyzed calls for political reform.",media
"The quarterback threw the winning touchdown in the final seconds of the game.",sports
"The budget deal was approved after intense negotiations between parties.",politics
"The principal inspired hope in students during a difficult time for the school.",education
"The marathoner broke the world record by completing the race in under 2 hours.",sports
"The singer captivated fans with raw emotion during an unforgettable live performance.",music   
"The novelist wrote a thought-provoking book that topped the bestseller charts.",literature
"The council passed landmark legislation to reduce homelessness in the city.",politics
"The detective gathered enough evidence to convict the criminal mastermind.",law enforcement
"The engineer constructed the tallest skyscraper in the city to date.",engineering  
"The farmer grew record-breaking sized vegetables using organic techniques.",agriculture 
"The stylist designed a bold, innovative look for the celebrity client.",fashion
"The accountant uncovered fraud that had gone undetected for years.",finance   
"The troops marched to a decisive victory in the major offensive battle.",military
"The defection provided key intelligence that altered the course of the war.",espionage
"The space agency successfully launched the new telescope that will explore distant galaxies.",science